song_id,song_name,tags,artist,language
1,"Song,1","Song,1,pop,artist-141",Artist 164,Tamil
2,"Song,2","2,Song,artist-87,rock",Artist 29,Punjabi
3,"Song,3","Song,folk,3,artist-53",Artist 7,English
4,"Song,4","4,Song,classical,artist-69",Artist 190,Bengali
5,"Song,5","artist-185,Song,jazz,5",Artist 71,Tamil
6,"Song,6","Song,hip-hop,artist-105,6",Artist 63,Punjabi
7,"Song,7","Song,artist-152,edm,7",Artist 58,English
8,"Song,8","Song,8,artist-68,folk",Artist 36,English
9,"Song,9","Song,folk,9,artist-22",Artist 189,Bengali
10,"Song,10","10,Song,artist-177,rock",Artist 27,Punjabi
11,"Song,11","11,Song,classical,artist-76",Artist 174,Tamil
12,"Song,12","country,Song,artist-157,12",Artist 190,Malayalam
13,"Song,13","Song,artist-32,13,r&b",Artist 140,Hindi
14,"Song,14","Song,14,rock,artist-174",Artist 23,English
15,"Song,15","country,Song,artist-50,15",Artist 152,Gujarati
16,"Song,16","16,Song,artist-143,pop",Artist 109,Punjabi
17,"Song,17","Song,17,jazz,artist-20",Artist 9,Malayalam
18,"Song,18","18,Song,artist-86,pop",Artist 8,Malayalam
19,"Song,19","Song,19,artist-51,r&b",Artist 24,Malayalam
20,"Song,20","Song,folk,artist-193,20",Artist 56,Marathi
21,"Song,21","Song,folk,21,artist-200",Artist 60,Tamil
22,"Song,22","Song,artist-84,pop,22",Artist 130,English
23,"Song,23","Song,folk,artist-91,23",Artist 155,Punjabi
24,"Song,24","Song,artist-52,24,rock",Artist 7,Malayalam
25,"Song,25","Song,artist-199,25,r&b",Artist 144,Hindi
26,"Song,26","artist-16,Song,26,jazz",Artist 51,Hindi
27,"Song,27","artist-167,Song,rock,27",Artist 184,Kannada
28,"Song,28","Song,artist-117,28,rock",Artist 167,Malayalam
29,"Song,29","Song,29,jazz,artist-153",Artist 180,Hindi
30,"Song,30","Song,hip-hop,30,artist-159",Artist 140,Gujarati
31,"Song,31","Song,jazz,artist-200,31",Artist 108,English
32,"Song,32","32,Song,artist-17,edm",Artist 57,Tamil
33,"Song,33","country,Song,33,artist-138",Artist 115,Tamil
34,"Song,34","Song,34,artist-116,edm",Artist 151,Gujarati
35,"Song,35","Song,folk,artist-132,35",Artist 72,Punjabi
36,"Song,36","Song,hip-hop,artist-126,36",Artist 2,Hindi
37,"Song,37","Song,artist-197,rock,37",Artist 195,Telugu
38,"Song,38","artist-107,Song,edm,38",Artist 41,Hindi
39,"Song,39","Song,39,artist-172,pop",Artist 179,Bengali
40,"Song,40","Song,folk,artist-24,40",Artist 109,Kannada
41,"Song,41","Song,41,artist-19,edm",Artist 88,Gujarati
42,"Song,42","Song,artist-15,42,edm",Artist 72,Gujarati
43,"Song,43","artist-150,Song,jazz,43",Artist 40,Gujarati
44,"Song,44","44,Song,jazz,artist-138",Artist 56,Telugu
45,"Song,45","Song,45,artist-32,r&b",Artist 196,Bengali
46,"Song,46","Song,46,rock,artist-93",Artist 87,Kannada
47,"Song,47","Song,artist-11,47,r&b",Artist 27,Malayalam
48,"Song,48","artist-46,Song,hip-hop,48",Artist 24,Malayalam
49,"Song,49","Song,jazz,artist-68,49",Artist 98,Punjabi
50,"Song,50","Song,hip-hop,artist-115,50",Artist 25,Gujarati
51,"Song,51","51,Song,artist-18,r&b",Artist 92,Kannada
52,"Song,52","Song,52,artist-124,r&b",Artist 89,Punjabi
53,"Song,53","country,Song,53,artist-80",Artist 155,Gujarati
54,"Song,54","Song,artist-96,54,pop",Artist 68,Gujarati
55,"Song,55","Song,artist-2,55,r&b",Artist 12,English
56,"Song,56","Song,56,artist-76,jazz",Artist 187,Gujarati
57,"Song,57","Song,jazz,artist-19,57",Artist 118,Hindi
58,"Song,58","Song,58,artist-31,r&b",Artist 138,Telugu
59,"Song,59","Song,59,jazz,artist-176",Artist 32,Telugu
60,"Song,60","Song,folk,60,artist-1",Artist 97,Punjabi
61,"Song,61","artist-137,Song,hip-hop,61",Artist 21,Hindi
62,"Song,62","Song,62,edm,artist-37",Artist 142,Tamil
63,"Song,63","Song,hip-hop,63,artist-76",Artist 76,Telugu
64,"Song,64","Song,64,edm,artist-20",Artist 161,Tamil
65,"Song,65","65,Song,artist-193,hip-hop",Artist 159,Bengali
66,"Song,66","artist-191,Song,66,pop",Artist 93,Hindi
67,"Song,67","Song,67,artist-40,pop",Artist 148,Tamil
68,"Song,68","artist-16,Song,68,jazz",Artist 50,English
69,"Song,69","Song,artist-50,69,pop",Artist 181,Kannada
70,"Song,70","Song,jazz,artist-189,70",Artist 18,Malayalam
71,"Song,71","71,Song,hip-hop,artist-194",Artist 12,Gujarati
72,"Song,72","Song,artist-96,classical,72",Artist 170,Malayalam
73,"Song,73","Song,folk,73,artist-14",Artist 59,Punjabi
74,"Song,74","74,Song,classical,artist-190",Artist 198,English
75,"Song,75","Song,folk,artist-192,75",Artist 75,Telugu
76,"Song,76","Song,classical,artist-106,76",Artist 21,Punjabi
77,"Song,77","77,Song,classical,artist-175",Artist 60,Punjabi
78,"Song,78","country,Song,78,artist-17",Artist 26,Malayalam
79,"Song,79","Song,79,artist-180,r&b",Artist 98,Hindi
80,"Song,80","Song,80,artist-27,r&b",Artist 72,Telugu
81,"Song,81","artist-144,Song,classical,81",Artist 117,Punjabi
82,"Song,82","Song,hip-hop,82,artist-40",Artist 163,Gujarati
83,"Song,83","Song,artist-179,edm,83",Artist 94,Telugu
84,"Song,84","Song,artist-154,84,rock",Artist 42,Kannada
85,"Song,85","Song,85,edm,artist-153",Artist 95,Hindi
86,"Song,86","Song,artist-96,hip-hop,86",Artist 91,Bengali
87,"Song,87","country,Song,artist-125,87",Artist 54,Telugu
88,"Song,88","Song,hip-hop,88,artist-44",Artist 172,Tamil
89,"Song,89","artist-79,Song,89,edm",Artist 69,Punjabi
90,"Song,90","artist-90,Song,hip-hop,90",Artist 180,Tamil
91,"Song,91","country,Song,91,artist-84",Artist 175,Hindi
92,"Song,92","Song,jazz,artist-176,92",Artist 166,English
93,"Song,93","Song,93,artist-146,r&b",Artist 19,Tamil
94,"Song,94","Song,jazz,94,artist-11",Artist 156,Punjabi
95,"Song,95","Song,jazz,artist-73,95",Artist 163,Gujarati
96,"Song,96","Song,96,jazz,artist-84",Artist 44,Gujarati
97,"Song,97","Song,folk,97,artist-1",Artist 137,Punjabi
98,"Song,98","Song,98,artist-17,edm",Artist 187,Malayalam
99,"Song,99","Song,99,artist-183,edm",Artist 63,Hindi
100,"Song,100","Song,artist-102,rock,100",Artist 42,Malayalam
101,"Song,101","Song,artist-52,101,rock",Artist 119,Punjabi
102,"Song,102","102,Song,artist-47,edm",Artist 98,Kannada
103,"Song,103","103,Song,jazz,artist-64",Artist 70,Punjabi
104,"Song,104","Song,hip-hop,104,artist-13",Artist 164,Bengali
105,"Song,105","country,Song,artist-96,105",Artist 177,Bengali
106,"Song,106","106,Song,folk,artist-122",Artist 143,Malayalam
107,"Song,107","Song,folk,artist-99,107",Artist 57,Malayalam
108,"Song,108","artist-147,Song,108,rock",Artist 176,Hindi
109,"Song,109","Song,classical,109,artist-71",Artist 84,Gujarati
110,"Song,110","artist-144,Song,110,folk",Artist 197,English
111,"Song,111","Song,artist-75,jazz,111",Artist 199,Kannada
112,"Song,112","country,Song,112,artist-161",Artist 15,Marathi
113,"Song,113","Song,artist-13,edm,113",Artist 59,Gujarati
114,"Song,114","Song,artist-136,pop,114",Artist 9,Punjabi
115,"Song,115","Song,hip-hop,artist-87,115",Artist 81,English
116,"Song,116","artist-127,Song,hip-hop,116",Artist 103,Hindi
117,"Song,117","Song,artist-164,117,rock",Artist 69,Telugu
118,"Song,118","118,Song,folk,artist-25",Artist 17,Gujarati
119,"Song,119","country,Song,artist-68,119",Artist 55,Gujarati
120,"Song,120","120,Song,jazz,artist-142",Artist 146,English
121,"Song,121","country,Song,artist-29,121",Artist 184,Punjabi
122,"Song,122","Song,122,artist-14,rock",Artist 81,Gujarati
123,"Song,123","Song,artist-89,123,r&b",Artist 55,English
124,"Song,124","124,Song,classical,artist-101",Artist 168,Tamil
125,"Song,125","Song,artist-63,pop,125",Artist 128,Malayalam
126,"Song,126","artist-171,Song,126,jazz",Artist 102,Bengali
127,"Song,127","Song,127,artist-113,pop",Artist 165,Malayalam
128,"Song,128","128,Song,jazz,artist-107",Artist 118,Punjabi
129,"Song,129","artist-173,Song,129,pop",Artist 37,Tamil
130,"Song,130","artist-71,Song,jazz,130",Artist 68,Gujarati
131,"Song,131","Song,131,artist-186,rock",Artist 36,Kannada
132,"Song,132","Song,folk,artist-81,132",Artist 64,Malayalam
133,"Song,133","country,Song,artist-113,133",Artist 191,Hindi
134,"Song,134","Song,artist-52,jazz,134",Artist 144,Malayalam
135,"Song,135","Song,artist-89,135,r&b",Artist 138,Marathi
136,"Song,136","Song,136,jazz,artist-186",Artist 68,Kannada
137,"Song,137","artist-43,Song,137,rock",Artist 192,Marathi
138,"Song,138","Song,folk,138,artist-151",Artist 150,Marathi
139,"Song,139","Song,hip-hop,139,artist-106",Artist 110,Hindi
140,"Song,140","Song,140,artist-63,edm",Artist 150,Tamil
141,"Song,141","Song,141,jazz,artist-187",Artist 103,Marathi
142,"Song,142","142,Song,artist-182,edm",Artist 93,Kannada
143,"Song,143","143,Song,artist-6,classical",Artist 57,Malayalam
144,"Song,144","Song,hip-hop,144,artist-125",Artist 36,Punjabi
145,"Song,145","Song,artist-55,145,rock",Artist 131,Kannada
146,"Song,146","Song,artist-35,folk,146",Artist 127,Bengali
147,"Song,147","artist-88,Song,classical,147",Artist 24,English
148,"Song,148","Song,148,artist-92,rock",Artist 194,Malayalam
149,"Song,149","149,Song,artist-193,rock",Artist 13,Hindi
150,"Song,150","artist-129,Song,150,pop",Artist 29,Marathi
151,"Song,151","151,Song,artist-104,edm",Artist 40,Punjabi
152,"Song,152","artist-43,Song,folk,152",Artist 161,Marathi
153,"Song,153","153,artist-29,Song,pop",Artist 41,Hindi
154,"Song,154","country,Song,artist-65,154",Artist 175,Kannada
155,"Song,155","155,Song,artist-107,edm",Artist 109,Bengali
156,"Song,156","Song,156,jazz,artist-58",Artist 153,English
157,"Song,157","country,Song,157,artist-170",Artist 17,Bengali
158,"Song,158","artist-173,Song,jazz,158",Artist 99,Malayalam
159,"Song,159","Song,artist-96,159,pop",Artist 98,Kannada
160,"Song,160","Song,artist-3,classical,160",Artist 153,English
161,"Song,161","Song,artist-99,jazz,161",Artist 120,Telugu
162,"Song,162","artist-173,Song,folk,162",Artist 136,Bengali
163,"Song,163","Song,163,artist-65,rock",Artist 65,Marathi
164,"Song,164","Song,hip-hop,artist-158,164",Artist 142,Gujarati
165,"Song,165","165,Song,artist-60,edm",Artist 3,Malayalam
166,"Song,166","166,Song,artist-77,rock",Artist 175,Malayalam
167,"Song,167","Song,167,artist-79,r&b",Artist 185,English
168,"Song,168","Song,folk,168,artist-31",Artist 30,Telugu
169,"Song,169","Song,artist-73,169,r&b",Artist 175,Punjabi
170,"Song,170","Song,170,artist-190,edm",Artist 138,Bengali
171,"Song,171","Song,171,artist-66,pop",Artist 193,Tamil
172,"Song,172","Song,folk,artist-184,172",Artist 69,Punjabi
173,"Song,173","Song,folk,artist-141,173",Artist 197,Malayalam
174,"Song,174","country,Song,174,artist-102",Artist 165,Malayalam
175,"Song,175","Song,folk,artist-87,175",Artist 88,Hindi
176,"Song,176","Song,artist-161,pop,176",Artist 29,English
177,"Song,177","Song,177,classical,artist-118",Artist 76,Gujarati
178,"Song,178","Song,hip-hop,artist-97,178",Artist 112,Telugu
179,"Song,179","Song,folk,artist-97,179",Artist 41,Tamil
180,"Song,180","Song,180,jazz,artist-172",Artist 117,Punjabi
181,"Song,181","Song,folk,181,artist-126",Artist 1,Bengali
182,"Song,182","Song,hip-hop,182,artist-157",Artist 185,English
183,"Song,183","Song,183,artist-136,edm",Artist 185,Bengali
184,"Song,184","artist-137,Song,184,edm",Artist 68,Kannada
185,"Song,185","country,Song,artist-121,185",Artist 129,Hindi
186,"Song,186","Song,artist-108,186,pop",Artist 196,Telugu
187,"Song,187","187,Song,artist-162,r&b",Artist 46,Hindi
188,"Song,188","Song,188,jazz,artist-40",Artist 130,Malayalam
189,"Song,189","Song,189,jazz,artist-182",Artist 28,Hindi
190,"Song,190","country,Song,artist-5,190",Artist 161,Tamil
191,"Song,191","191,Song,classical,artist-137",Artist 77,Malayalam
192,"Song,192","Song,artist-113,classical,192",Artist 164,Punjabi
193,"Song,193","Song,classical,193,artist-104",Artist 130,Bengali
194,"Song,194","194,Song,jazz,artist-53",Artist 156,Punjabi
195,"Song,195","Song,195,artist-188,edm",Artist 51,Kannada
196,"Song,196","196,Song,jazz,artist-61",Artist 40,Malayalam
197,"Song,197","Song,folk,197,artist-125",Artist 96,Malayalam
198,"Song,198","Song,hip-hop,198,artist-45",Artist 196,Telugu
199,"Song,199","artist-148,Song,199,edm",Artist 42,Malayalam
200,"Song,200","Song,200,rock,artist-101",Artist 139,Bengali
201,"Song,201","Song,201,artist-184,r&b",Artist 200,Tamil
202,"Song,202","Song,artist-108,202,edm",Artist 136,Kannada
203,"Song,203","Song,artist-130,classical,203",Artist 1,Telugu
204,"Song,204","Song,hip-hop,artist-105,204",Artist 154,Gujarati
205,"Song,205","artist-16,Song,classical,205",Artist 83,Bengali
206,"Song,206","country,Song,206,artist-134",Artist 126,Tamil
207,"Song,207","artist-90,Song,207,edm",Artist 5,Hindi
208,"Song,208","208,Song,artist-162,r&b",Artist 29,Punjabi
209,"Song,209","209,Song,artist-9,edm",Artist 93,Kannada
210,"Song,210","Song,210,artist-126,r&b",Artist 79,Marathi
211,"Song,211","Song,classical,artist-66,211",Artist 62,Bengali
212,"Song,212","artist-160,Song,classical,212",Artist 15,Punjabi
213,"Song,213","Song,213,jazz,artist-116",Artist 62,English
214,"Song,214","Song,folk,artist-164,214",Artist 146,Punjabi
215,"Song,215","Song,hip-hop,artist-113,215",Artist 21,Punjabi
216,"Song,216","Song,artist-69,216,r&b",Artist 22,Gujarati
217,"Song,217","country,Song,217,artist-121",Artist 188,Gujarati
218,"Song,218","218,Song,artist-199,jazz",Artist 125,Malayalam
219,"Song,219","219,Song,artist-122,edm",Artist 18,Tamil
220,"Song,220","artist-5,Song,220,r&b",Artist 195,Malayalam
221,"Song,221","artist-177,Song,pop,221",Artist 137,Bengali
222,"Song,222","Song,artist-193,222,pop",Artist 197,Malayalam
223,"Song,223","Song,223,artist-7,r&b",Artist 33,Marathi
224,"Song,224","Song,artist-57,224,r&b",Artist 33,Marathi
225,"Song,225","Song,classical,artist-4,225",Artist 169,Bengali
226,"Song,226","Song,hip-hop,226,artist-199",Artist 122,Bengali
227,"Song,227","country,Song,227,artist-59",Artist 141,Kannada
228,"Song,228","Song,228,classical,artist-67",Artist 43,Malayalam
229,"Song,229","artist-114,Song,229,hip-hop",Artist 68,Marathi
230,"Song,230","Song,artist-33,230,pop",Artist 136,Telugu
231,"Song,231","Song,artist-6,231,edm",Artist 156,Telugu
232,"Song,232","232,Song,artist-62,edm",Artist 109,Gujarati
233,"Song,233","Song,artist-172,233,rock",Artist 55,Kannada
234,"Song,234","Song,234,artist-149,rock",Artist 139,Telugu
235,"Song,235","artist-74,Song,235,r&b",Artist 194,Kannada
236,"Song,236","236,Song,artist-180,edm",Artist 187,English
237,"Song,237","country,Song,237,artist-29",Artist 177,Marathi
238,"Song,238","Song,artist-52,238,pop",Artist 52,Malayalam
239,"Song,239","Song,hip-hop,artist-152,239",Artist 183,Kannada
240,"Song,240","240,Song,folk,artist-200",Artist 80,Kannada
241,"Song,241","Song,classical,artist-48,241",Artist 103,Tamil
242,"Song,242","242,Song,classical,artist-44",Artist 172,Malayalam
243,"Song,243","country,Song,243,artist-109",Artist 167,English
244,"Song,244","244,Song,artist-90,r&b",Artist 96,Tamil
245,"Song,245","245,Song,artist-157,rock",Artist 113,Bengali
246,"Song,246","Song,folk,artist-57,246",Artist 133,Gujarati
247,"Song,247","artist-144,Song,247,hip-hop",Artist 116,Marathi
248,"Song,248","Song,artist-117,248,rock",Artist 31,Hindi
249,"Song,249","artist-185,Song,hip-hop,249",Artist 64,Malayalam
250,"Song,250","Song,artist-33,pop,250",Artist 58,Hindi
251,"Song,251","251,Song,classical,artist-191",Artist 17,Bengali
252,"Song,252","country,Song,artist-191,252",Artist 87,Malayalam
253,"Song,253","country,Song,253,artist-167",Artist 6,English
254,"Song,254","Song,artist-139,classical,254",Artist 151,Tamil
255,"Song,255","country,Song,artist-32,255",Artist 142,Kannada
256,"Song,256","256,Song,folk,artist-130",Artist 59,Tamil
257,"Song,257","Song,artist-59,257,pop",Artist 151,Hindi
258,"Song,258","country,Song,258,artist-70",Artist 57,Malayalam
259,"Song,259","artist-191,Song,259,pop",Artist 2,Punjabi
260,"Song,260","Song,260,artist-117,edm",Artist 19,Marathi
261,"Song,261","country,Song,artist-88,261",Artist 182,Gujarati
262,"Song,262","262,Song,folk,artist-110",Artist 162,Kannada
263,"Song,263","Song,hip-hop,263,artist-200",Artist 16,Hindi
264,"Song,264","Song,classical,artist-81,264",Artist 59,Marathi
265,"Song,265","Song,hip-hop,artist-79,265",Artist 18,Bengali
266,"Song,266","Song,folk,266,artist-119",Artist 9,Kannada
267,"Song,267","Song,267,pop,artist-78",Artist 85,Marathi
268,"Song,268","Song,hip-hop,268,artist-200",Artist 19,Malayalam
269,"Song,269","Song,r&b,artist-53,269",Artist 132,Bengali
270,"Song,270","artist-171,Song,270,r&b",Artist 61,English
271,"Song,271","artist-41,Song,271,rock",Artist 72,Gujarati
272,"Song,272","Song,hip-hop,272,artist-165",Artist 172,Hindi
273,"Song,273","Song,artist-110,273,r&b",Artist 125,Telugu
274,"Song,274","Song,274,artist-186,edm",Artist 55,Punjabi
275,"Song,275","country,Song,275,artist-33",Artist 139,Telugu
276,"Song,276","276,Song,artist-49,edm",Artist 34,Hindi
277,"Song,277","Song,277,jazz,artist-138",Artist 186,Kannada
278,"Song,278","Song,artist-194,278,pop",Artist 147,Hindi
279,"Song,279","Song,artist-65,classical,279",Artist 148,Hindi
280,"Song,280","Song,classical,artist-169,280",Artist 122,Malayalam
281,"Song,281","artist-135,Song,281,pop",Artist 63,Tamil
282,"Song,282","artist-171,Song,282,rock",Artist 122,Punjabi
283,"Song,283","Song,hip-hop,283,artist-100",Artist 105,English
284,"Song,284","country,Song,artist-88,284",Artist 49,English
285,"Song,285","artist-191,Song,285,edm",Artist 25,Marathi
286,"Song,286","Song,jazz,286,artist-126",Artist 25,English
287,"Song,287","Song,jazz,287,artist-192",Artist 169,Punjabi
288,"Song,288","Song,folk,288,artist-93",Artist 111,Marathi
289,"Song,289","Song,artist-97,289,rock",Artist 91,Marathi
290,"Song,290","Song,folk,290,artist-176",Artist 109,Kannada
291,"Song,291","country,Song,291,artist-133",Artist 106,Tamil
292,"Song,292","Song,292,artist-176,edm",Artist 120,Telugu
293,"Song,293","Song,293,artist-141,r&b",Artist 187,Bengali
294,"Song,294","Song,artist-99,r&b,294",Artist 14,Kannada
295,"Song,295","Song,artist-38,rock,295",Artist 173,Gujarati
296,"Song,296","296,Song,artist-180,rock",Artist 168,Tamil
297,"Song,297","297,Song,artist-55,pop",Artist 166,Tamil
298,"Song,298","Song,folk,artist-181,298",Artist 26,Tamil
299,"Song,299","Song,jazz,artist-115,299",Artist 16,Hindi
300,"Song,300","Song,classical,300,artist-123",Artist 104,Gujarati
301,"Song,301","Song,301,artist-63,rock",Artist 187,Kannada
302,"Song,302","302,Song,folk,artist-44",Artist 87,Gujarati
303,"Song,303","303,Song,artist-189,pop",Artist 28,Telugu
304,"Song,304","Song,304,artist-102,edm",Artist 64,Malayalam
305,"Song,305","artist-181,Song,classical,305",Artist 50,Gujarati
306,"Song,306","Song,folk,artist-110,306",Artist 49,Tamil
307,"Song,307","Song,307,artist-34,r&b",Artist 138,Telugu
308,"Song,308","Song,artist-57,308,edm",Artist 115,Malayalam
309,"Song,309","Song,hip-hop,artist-30,309",Artist 36,Punjabi
310,"Song,310","Song,artist-35,folk,310",Artist 109,Malayalam
311,"Song,311","Song,311,artist-22,pop",Artist 47,Punjabi
312,"Song,312","Song,artist-125,classical,312",Artist 72,English
313,"Song,313","Song,classical,313,artist-61",Artist 119,Malayalam
314,"Song,314","Song,hip-hop,artist-108,314",Artist 64,Punjabi
315,"Song,315","Song,jazz,315,artist-44",Artist 20,Bengali
316,"Song,316","Song,316,artist-104,r&b",Artist 114,Tamil
317,"Song,317","Song,artist-50,317,r&b",Artist 141,Hindi
318,"Song,318","Song,artist-21,pop,318",Artist 26,Malayalam
319,"Song,319","Song,classical,319,artist-36",Artist 13,Marathi
320,"Song,320","Song,320,rock,artist-187",Artist 167,Gujarati
321,"Song,321","Song,321,artist-87,jazz",Artist 139,Punjabi
322,"Song,322","country,Song,322,artist-104",Artist 4,Kannada
323,"Song,323","323,Song,edm,artist-167",Artist 24,Punjabi
324,"Song,324","country,Song,324,artist-159",Artist 193,Malayalam
325,"Song,325","Song,folk,325,artist-110",Artist 61,Punjabi
326,"Song,326","Song,artist-164,edm,326",Artist 43,Telugu
327,"Song,327","Song,folk,327,artist-164",Artist 105,Kannada
328,"Song,328","328,Song,jazz,artist-116",Artist 125,Malayalam
329,"Song,329","Song,hip-hop,artist-128,329",Artist 124,Hindi
330,"Song,330","artist-25,Song,330,pop",Artist 55,Telugu
331,"Song,331","Song,331,artist-67,rock",Artist 103,Kannada
332,"Song,332","Song,jazz,artist-179,332",Artist 16,Gujarati
333,"Song,333","country,Song,artist-125,333",Artist 43,Marathi
334,"Song,334","country,Song,artist-99,334",Artist 98,Gujarati
335,"Song,335","335,Song,hip-hop,artist-112",Artist 1,Punjabi
336,"Song,336","Song,classical,336,artist-45",Artist 100,Punjabi
337,"Song,337","337,Song,artist-157,rock",Artist 68,English
338,"Song,338","Song,artist-20,338,r&b",Artist 117,Kannada
339,"Song,339","country,Song,artist-11,339",Artist 74,Punjabi
340,"Song,340","Song,hip-hop,340,artist-117",Artist 109,English
341,"Song,341","341,Song,pop,artist-151",Artist 179,Gujarati
342,"Song,342","342,Song,artist-175,hip-hop",Artist 188,English
343,"Song,343","Song,artist-35,edm,343",Artist 143,Gujarati
344,"Song,344","Song,artist-35,pop,344",Artist 170,Malayalam
345,"Song,345","345,Song,pop,artist-32",Artist 184,Punjabi
346,"Song,346","Song,artist-113,346,rock",Artist 125,Telugu
347,"Song,347","347,Song,artist-136,edm",Artist 40,Gujarati
348,"Song,348","country,Song,artist-96,348",Artist 49,Marathi
349,"Song,349","artist-70,Song,edm,349",Artist 76,Telugu
350,"Song,350","country,Song,350,artist-8",Artist 56,Telugu
351,"Song,351","artist-137,Song,folk,351",Artist 15,Gujarati
352,"Song,352","country,Song,artist-191,352",Artist 149,Punjabi
353,"Song,353","Song,353,artist-175,pop",Artist 189,Tamil
354,"Song,354","354,Song,artist-29,r&b",Artist 139,Hindi
355,"Song,355","Song,355,artist-27,edm",Artist 16,English
356,"Song,356","country,Song,artist-22,356",Artist 192,Punjabi
357,"Song,357","country,Song,artist-13,357",Artist 81,Malayalam
358,"Song,358","358,Song,hip-hop,artist-125",Artist 15,English
359,"Song,359","Song,359,artist-11,edm",Artist 13,Gujarati
360,"Song,360","Song,artist-38,360,rock",Artist 150,Marathi
361,"Song,361","country,Song,361,artist-118",Artist 123,Tamil
362,"Song,362","Song,artist-184,362,edm",Artist 129,Hindi
363,"Song,363","Song,hip-hop,artist-131,363",Artist 136,Punjabi
364,"Song,364","Song,364,artist-27,r&b",Artist 41,Marathi
365,"Song,365","Song,folk,artist-37,365",Artist 15,Kannada
366,"Song,366","366,Song,classical,artist-192",Artist 131,Tamil
367,"Song,367","Song,classical,artist-68,367",Artist 21,Telugu
368,"Song,368","Song,368,artist-38,jazz",Artist 48,Tamil
369,"Song,369","Song,artist-103,369,r&b",Artist 18,Bengali
370,"Song,370","Song,jazz,370,artist-169",Artist 153,Marathi
371,"Song,371","Song,371,artist-29,r&b",Artist 18,Bengali
372,"Song,372","Song,jazz,372,artist-149",Artist 173,Bengali
373,"Song,373","Song,artist-45,373,rock",Artist 61,Punjabi
374,"Song,374","Song,artist-55,rock,374",Artist 104,Tamil
375,"Song,375","country,Song,375,artist-186",Artist 31,Punjabi
376,"Song,376","country,Song,376,artist-2",Artist 146,Malayalam
377,"Song,377","377,Song,edm,artist-36",Artist 64,Punjabi
378,"Song,378","Song,artist-45,classical,378",Artist 149,Marathi
379,"Song,379","artist-150,Song,hip-hop,379",Artist 153,Hindi
380,"Song,380","Song,380,artist-34,edm",Artist 11,Malayalam
381,"Song,381","Song,artist-60,edm,381",Artist 159,Hindi
382,"Song,382","Song,artist-19,382,r&b",Artist 21,Tamil
383,"Song,383","Song,folk,383,artist-172",Artist 108,Telugu
384,"Song,384","384,Song,classical,artist-4",Artist 169,Kannada
385,"Song,385","385,Song,jazz,artist-139",Artist 150,Bengali
386,"Song,386","Song,artist-62,pop,386",Artist 145,Marathi
387,"Song,387","Song,hip-hop,artist-126,387",Artist 134,Hindi
388,"Song,388","Song,388,pop,artist-153",Artist 81,Kannada
389,"Song,389","389,Song,artist-72,rock",Artist 67,English
390,"Song,390","Song,artist-122,390,r&b",Artist 53,Punjabi
391,"Song,391","artist-155,Song,classical,391",Artist 172,Bengali
392,"Song,392","Song,artist-119,jazz,392",Artist 184,Hindi
393,"Song,393","Song,artist-35,classical,393",Artist 81,Malayalam
394,"Song,394","394,Song,edm,artist-142",Artist 62,Marathi
395,"Song,395","artist-71,Song,395,r&b",Artist 68,Punjabi
396,"Song,396","Song,jazz,artist-14,396",Artist 102,Gujarati
397,"Song,397","Song,artist-73,397,r&b",Artist 34,Kannada
398,"Song,398","398,Song,artist-152,jazz",Artist 172,Marathi
399,"Song,399","Song,399,rock,artist-153",Artist 166,Hindi
400,"Song,400","400,Song,artist-59,r&b",Artist 77,Telugu
401,"Song,401","Song,artist-130,401,edm",Artist 118,Malayalam
402,"Song,402","Song,folk,artist-105,402",Artist 81,English
403,"Song,403","Song,hip-hop,403,artist-174",Artist 193,Gujarati
404,"Song,404","country,Song,404,artist-16",Artist 19,Bengali
405,"Song,405","Song,405,rock,artist-166",Artist 3,Marathi
406,"Song,406","country,Song,artist-32,406",Artist 118,Gujarati
407,"Song,407","407,Song,artist-197,edm",Artist 160,Telugu
408,"Song,408","408,Song,folk,artist-86",Artist 145,Hindi
409,"Song,409","artist-129,Song,hip-hop,409",Artist 26,Malayalam
410,"Song,410","410,Song,jazz,artist-183",Artist 19,Punjabi
411,"Song,411","Song,411,artist-178,pop",Artist 138,Kannada
412,"Song,412","artist-144,Song,jazz,412",Artist 55,Hindi
413,"Song,413","413,Song,artist-121,r&b",Artist 130,Tamil
414,"Song,414","artist-171,Song,414,r&b",Artist 68,English
415,"Song,415","Song,hip-hop,artist-190,415",Artist 34,English
416,"Song,416","Song,416,jazz,artist-68",Artist 90,Punjabi
417,"Song,417","artist-74,Song,417,pop",Artist 18,Malayalam
418,"Song,418","Song,artist-89,classical,418",Artist 63,Hindi
419,"Song,419","Song,folk,artist-42,419",Artist 95,Hindi
420,"Song,420","Song,420,jazz,artist-38",Artist 73,Telugu
421,"Song,421","country,Song,artist-90,421",Artist 41,Bengali
422,"Song,422","422,Song,hip-hop,artist-18",Artist 113,Tamil
423,"Song,423","Song,423,rock,artist-192",Artist 140,Kannada
424,"Song,424","artist-79,Song,424,hip-hop",Artist 181,Malayalam
425,"Song,425","Song,artist-199,jazz,425",Artist 78,Marathi
426,"Song,426","country,Song,426,artist-106",Artist 157,Bengali
427,"Song,427","Song,artist-152,edm,427",Artist 168,Kannada
428,"Song,428","Song,artist-75,428,r&b",Artist 136,Gujarati
429,"Song,429","Song,hip-hop,artist-181,429",Artist 3,Tamil
430,"Song,430","Song,430,artist-182,r&b",Artist 171,Kannada
431,"Song,431","Song,artist-178,431,r&b",Artist 142,Hindi
432,"Song,432","Song,artist-50,pop,432",Artist 77,Malayalam
433,"Song,433","Song,classical,artist-72,433",Artist 170,Gujarati
434,"Song,434","artist-70,Song,jazz,434",Artist 27,Kannada
435,"Song,435","Song,435,artist-11,rock",Artist 35,Punjabi
436,"Song,436","artist-191,Song,jazz,436",Artist 68,English
437,"Song,437","437,Song,artist-76,r&b",Artist 30,Marathi
438,"Song,438","438,Song,artist-49,rock",Artist 28,Telugu
439,"Song,439","439,Song,hip-hop,artist-47",Artist 191,Malayalam
440,"Song,440","Song,440,classical,artist-195",Artist 142,Malayalam
441,"Song,441","Song,441,artist-40,r&b",Artist 40,Telugu
442,"Song,442","Song,artist-30,442,r&b",Artist 70,Marathi
443,"Song,443","Song,hip-hop,443,artist-190",Artist 73,Hindi
444,"Song,444","artist-147,Song,444,pop",Artist 155,Marathi
445,"Song,445","445,Song,artist-4,rock",Artist 54,Bengali
446,"Song,446","country,Song,446,artist-106",Artist 184,Marathi
447,"Song,447","Song,447,artist-138,r&b",Artist 88,English
448,"Song,448","Song,448,artist-32,r&b",Artist 53,Kannada
449,"Song,449","Song,hip-hop,artist-172,449",Artist 176,Punjabi
450,"Song,450","450,Song,artist-179,pop",Artist 163,Telugu
451,"Song,451","Song,artist-189,edm,451",Artist 68,Hindi
452,"Song,452","Song,folk,452,artist-93",Artist 130,Malayalam
453,"Song,453","Song,jazz,453,artist-118",Artist 126,Hindi
454,"Song,454","Song,454,artist-172,r&b",Artist 65,Telugu
455,"Song,455","artist-171,Song,hip-hop,455",Artist 14,Gujarati
456,"Song,456","Song,456,jazz,artist-116",Artist 24,English
457,"Song,457","Song,457,pop,artist-93",Artist 163,English
458,"Song,458","Song,artist-1,jazz,458",Artist 109,Marathi
459,"Song,459","Song,459,artist-163,pop",Artist 71,Telugu
460,"Song,460","artist-99,Song,classical,460",Artist 12,Tamil
461,"Song,461","country,Song,461,artist-145",Artist 1,Gujarati
462,"Song,462","Song,artist-109,rock,462",Artist 86,Telugu
463,"Song,463","Song,hip-hop,463,artist-116",Artist 198,Hindi
464,"Song,464","Song,jazz,464,artist-172",Artist 34,Bengali
465,"Song,465","artist-88,Song,465,jazz",Artist 164,Telugu
466,"Song,466","Song,hip-hop,466,artist-111",Artist 68,Gujarati
467,"Song,467","Song,artist-47,467,rock",Artist 42,Telugu
468,"Song,468","country,Song,artist-176,468",Artist 190,Telugu
469,"Song,469","artist-107,Song,469,rock",Artist 114,Marathi
470,"Song,470","Song,artist-97,470,rock",Artist 142,Tamil
471,"Song,471","Song,artist-6,471,rock",Artist 181,Gujarati
472,"Song,472","artist-147,Song,472,rock",Artist 110,English
473,"Song,473","Song,artist-3,473,pop",Artist 144,Punjabi
474,"Song,474","474,Song,artist-164,edm",Artist 3,Tamil
475,"Song,475","475,Song,artist-4,rock",Artist 29,Tamil
476,"Song,476","Song,artist-22,476,r&b",Artist 20,Bengali
477,"Song,477","Song,artist-86,477,edm",Artist 177,Punjabi
478,"Song,478","Song,folk,artist-100,478",Artist 39,Tamil
479,"Song,479","479,Song,artist-66,r&b",Artist 140,Hindi
480,"Song,480","Song,artist-19,480,pop",Artist 10,English
481,"Song,481","artist-94,Song,hip-hop,481",Artist 95,Tamil
482,"Song,482","Song,artist-76,482,pop",Artist 150,English
483,"Song,483","Song,artist-158,483,r&b",Artist 142,Marathi
484,"Song,484","artist-18,Song,edm,484",Artist 38,Telugu
485,"Song,485","Song,hip-hop,artist-133,485",Artist 111,Gujarati
486,"Song,486","Song,486,pop,artist-167",Artist 33,Marathi
487,"Song,487","artist-79,Song,jazz,487",Artist 11,English
488,"Song,488","artist-83,Song,488,rock",Artist 79,Tamil
489,"Song,489","Song,classical,artist-200,489",Artist 94,Punjabi
490,"Song,490","Song,edm,artist-132,490",Artist 11,English
491,"Song,491","491,Song,jazz,artist-155",Artist 92,Tamil
492,"Song,492","country,Song,492,artist-84",Artist 54,Kannada
493,"Song,493","Song,hip-hop,493,artist-63",Artist 175,Bengali
494,"Song,494","artist-12,Song,494,pop",Artist 64,Hindi
495,"Song,495","country,Song,495,artist-94",Artist 171,Hindi
496,"Song,496","Song,artist-122,496,pop",Artist 27,Malayalam
497,"Song,497","Song,artist-158,497,rock",Artist 91,Malayalam
498,"Song,498","Song,hip-hop,498,artist-110",Artist 200,Marathi
499,"Song,499","country,Song,artist-187,499",Artist 144,Bengali
500,"Song,500","country,Song,artist-21,500",Artist 105,Gujarati
501,"Song,501","Song,classical,artist-73,501",Artist 159,Hindi
502,"Song,502","Song,artist-17,502,edm",Artist 192,Malayalam
503,"Song,503","Song,artist-35,jazz,503",Artist 40,Bengali
504,"Song,504","country,Song,504,artist-73",Artist 61,Telugu
505,"Song,505","505,Song,artist-134,pop",Artist 42,Gujarati
506,"Song,506","Song,folk,artist-29,506",Artist 46,English
507,"Song,507","Song,folk,507,artist-189",Artist 106,Bengali
508,"Song,508","508,Song,artist-55,edm",Artist 7,Punjabi
509,"Song,509","Song,artist-108,classical,509",Artist 46,Malayalam
510,"Song,510","country,Song,artist-117,510",Artist 189,English
511,"Song,511","511,Song,classical,artist-103",Artist 86,English
512,"Song,512","Song,folk,artist-180,512",Artist 106,Malayalam
513,"Song,513","artist-127,Song,513,folk",Artist 172,Kannada
514,"Song,514","Song,hip-hop,artist-111,514",Artist 189,Kannada
515,"Song,515","country,Song,515,artist-41",Artist 64,Hindi
516,"Song,516","Song,jazz,516,artist-180",Artist 69,Malayalam
517,"Song,517","Song,517,pop,artist-174",Artist 41,Malayalam
518,"Song,518","artist-124,Song,518,edm",Artist 180,Hindi
519,"Song,519","Song,artist-136,519,pop",Artist 28,Hindi
520,"Song,520","artist-137,Song,pop,520",Artist 98,Marathi
521,"Song,521","Song,artist-165,pop,521",Artist 10,Gujarati
522,"Song,522","Song,hip-hop,artist-84,522",Artist 121,Tamil
523,"Song,523","country,Song,artist-59,523",Artist 57,Hindi
524,"Song,524","Song,artist-188,jazz,524",Artist 52,Tamil
525,"Song,525","Song,artist-110,525,r&b",Artist 118,Punjabi
526,"Song,526","Song,526,artist-180,r&b",Artist 90,Gujarati
527,"Song,527","Song,527,artist-59,edm",Artist 79,Gujarati
528,"Song,528","country,Song,528,artist-186",Artist 59,Bengali
529,"Song,529","Song,529,artist-197,edm",Artist 58,Marathi
530,"Song,530","Song,artist-136,530,rock",Artist 7,Kannada
531,"Song,531","Song,artist-111,531,r&b",Artist 169,Gujarati
532,"Song,532","Song,532,artist-77,edm",Artist 50,Bengali
533,"Song,533","Song,533,artist-117,r&b",Artist 103,Punjabi
534,"Song,534","country,Song,artist-97,534",Artist 85,Malayalam
535,"Song,535","artist-43,Song,535,pop",Artist 72,Bengali
536,"Song,536","Song,artist-79,536,pop",Artist 18,Gujarati
537,"Song,537","Song,537,artist-4,rock",Artist 198,Kannada
538,"Song,538","Song,jazz,artist-44,538",Artist 72,Hindi
539,"Song,539","Song,jazz,artist-193,539",Artist 90,Hindi
540,"Song,540","540,Song,hip-hop,artist-104",Artist 165,Bengali
541,"Song,541","541,Song,jazz,artist-182",Artist 131,Telugu
542,"Song,542","artist-40,Song,542,hip-hop",Artist 103,Kannada
543,"Song,543","Song,543,artist-112,r&b",Artist 174,Malayalam
544,"Song,544","Song,544,artist-48,rock",Artist 138,Telugu
545,"Song,545","Song,545,artist-60,r&b",Artist 85,Kannada
546,"Song,546","Song,546,artist-99,r&b",Artist 8,Marathi
547,"Song,547","547,Song,folk,artist-190",Artist 30,Malayalam
548,"Song,548","artist-170,Song,548,r&b",Artist 67,Kannada
549,"Song,549","Song,549,classical,artist-19",Artist 46,Kannada
550,"Song,550","country,Song,artist-89,550",Artist 149,Hindi
551,"Song,551","Song,artist-33,551,rock",Artist 68,Marathi
552,"Song,552","Song,hip-hop,552,artist-52",Artist 10,Kannada
553,"Song,553","553,Song,artist-128,jazz",Artist 28,Marathi
554,"Song,554","country,Song,artist-99,554",Artist 153,Punjabi
555,"Song,555","Song,555,artist-102,r&b",Artist 112,Marathi
556,"Song,556","Song,556,artist-116,rock",Artist 89,Tamil
557,"Song,557","Song,artist-105,557,pop",Artist 187,Malayalam
558,"Song,558","Song,artist-128,classical,558",Artist 81,Hindi
559,"Song,559","country,Song,artist-163,559",Artist 112,Hindi
560,"Song,560","country,Song,560,artist-65",Artist 156,Hindi
561,"Song,561","561,Song,artist-110,classical",Artist 131,Hindi
562,"Song,562","artist-46,Song,562,r&b",Artist 30,Kannada
563,"Song,563","Song,563,pop,artist-192",Artist 99,Hindi
564,"Song,564","564,Song,hip-hop,artist-172",Artist 148,Marathi
565,"Song,565","Song,565,artist-103,jazz",Artist 49,Tamil
566,"Song,566","Song,artist-113,pop,566",Artist 66,Bengali
567,"Song,567","567,Song,jazz,artist-18",Artist 12,English
568,"Song,568","Song,artist-128,568,r&b",Artist 182,Gujarati
569,"Song,569","Song,artist-154,569,r&b",Artist 112,Bengali
570,"Song,570","Song,artist-31,570,r&b",Artist 1,Bengali
571,"Song,571","artist-174,Song,pop,571",Artist 134,Marathi
572,"Song,572","artist-170,Song,jazz,572",Artist 138,Hindi
573,"Song,573","Song,573,artist-51,rock",Artist 176,Kannada
574,"Song,574","country,Song,artist-75,574",Artist 185,Marathi
575,"Song,575","Song,folk,artist-195,575",Artist 190,Kannada
576,"Song,576","Song,folk,576,artist-106",Artist 189,English
577,"Song,577","country,Song,artist-73,577",Artist 172,Punjabi
578,"Song,578","Song,folk,artist-80,578",Artist 51,Gujarati
579,"Song,579","Song,jazz,579,artist-120",Artist 94,Punjabi
580,"Song,580","country,Song,580,artist-46",Artist 111,Marathi
581,"Song,581","Song,581,artist-67,edm",Artist 18,Hindi
582,"Song,582","Song,artist-35,classical,582",Artist 171,Gujarati
583,"Song,583","Song,classical,artist-133,583",Artist 85,Bengali
584,"Song,584","584,Song,classical,artist-100",Artist 160,Telugu
585,"Song,585","country,Song,585,artist-126",Artist 81,Tamil
586,"Song,586","Song,artist-62,jazz,586",Artist 170,Malayalam
587,"Song,587","Song,587,artist-11,pop",Artist 32,Telugu
588,"Song,588","Song,588,jazz,artist-100",Artist 185,Hindi
589,"Song,589","country,Song,artist-108,589",Artist 77,Marathi
590,"Song,590","Song,artist-86,590,rock",Artist 130,Bengali
591,"Song,591","Song,folk,591,artist-174",Artist 80,Marathi
592,"Song,592","country,Song,artist-191,592",Artist 171,Hindi
593,"Song,593","country,Song,artist-56,593",Artist 105,Punjabi
594,"Song,594","Song,artist-6,594,pop",Artist 84,Gujarati
595,"Song,595","Song,595,artist-40,rock",Artist 104,Telugu
596,"Song,596","Song,hip-hop,596,artist-19",Artist 179,Kannada
597,"Song,597","Song,597,artist-24,rock",Artist 76,Bengali
598,"Song,598","598,Song,artist-13,r&b",Artist 142,Gujarati
599,"Song,599","599,Song,jazz,artist-19",Artist 33,Gujarati
600,"Song,600","Song,600,jazz,artist-33",Artist 50,Bengali
601,"Song,601","Song,artist-68,601,rock",Artist 108,English
602,"Song,602","Song,602,artist-24,r&b",Artist 171,Gujarati
603,"Song,603","country,Song,artist-110,603",Artist 98,Punjabi
604,"Song,604","artist-114,Song,604,rock",Artist 174,English
605,"Song,605","Song,artist-198,605,r&b",Artist 192,Tamil
606,"Song,606","Song,606,pop,artist-153",Artist 45,Punjabi
607,"Song,607","Song,folk,607,artist-168",Artist 158,Punjabi
608,"Song,608","608,Song,jazz,artist-187",Artist 146,Marathi
609,"Song,609","Song,artist-125,edm,609",Artist 78,Marathi
610,"Song,610","Song,folk,610,artist-141",Artist 104,English
611,"Song,611","Song,artist-122,611,r&b",Artist 141,Tamil
612,"Song,612","612,artist-114,Song,pop",Artist 1,Tamil
613,"Song,613","Song,artist-162,613,rock",Artist 78,Gujarati
614,"Song,614","Song,614,folk,artist-109",Artist 74,Kannada
615,"Song,615","artist-150,Song,615,r&b",Artist 54,Hindi
616,"Song,616","artist-94,Song,616,pop",Artist 111,Tamil
617,"Song,617","Song,jazz,617,artist-44",Artist 149,English
618,"Song,618","Song,618,artist-149,r&b",Artist 156,Hindi
619,"Song,619","artist-148,Song,hip-hop,619",Artist 168,Bengali
620,"Song,620","artist-142,Song,pop,620",Artist 83,Telugu
621,"Song,621","Song,621,artist-42,pop",Artist 120,Kannada
622,"Song,622","Song,artist-27,rock,622",Artist 114,Kannada
623,"Song,623","artist-12,Song,hip-hop,623",Artist 114,Malayalam
624,"Song,624","Song,artist-32,624,edm",Artist 173,Marathi
625,"Song,625","Song,artist-119,jazz,625",Artist 55,Tamil
626,"Song,626","Song,626,artist-1,pop",Artist 131,Marathi
627,"Song,627","Song,artist-3,edm,627",Artist 122,Punjabi
628,"Song,628","628,Song,folk,artist-189",Artist 189,Marathi
629,"Song,629","Song,artist-85,629,rock",Artist 44,Gujarati
630,"Song,630","Song,folk,artist-194,630",Artist 169,Gujarati
631,"Song,631","Song,artist-99,631,rock",Artist 22,Hindi
632,"Song,632","Song,632,artist-84,pop",Artist 73,English
633,"Song,633","Song,classical,artist-79,633",Artist 132,Tamil
634,"Song,634","country,Song,artist-1,634",Artist 170,Tamil
635,"Song,635","Song,folk,635,artist-58",Artist 163,Gujarati
636,"Song,636","Song,hip-hop,636,artist-93",Artist 159,English
637,"Song,637","Song,hip-hop,637,artist-103",Artist 86,Hindi
638,"Song,638","Song,638,artist-8,r&b",Artist 24,Punjabi
639,"Song,639","Song,artist-125,639,edm",Artist 193,Malayalam
640,"Song,640","640,Song,artist-98,rock",Artist 61,Kannada
641,"Song,641","artist-140,Song,jazz,641",Artist 173,Malayalam
642,"Song,642","642,Song,artist-171,edm",Artist 80,Gujarati
643,"Song,643","Song,643,jazz,artist-138",Artist 58,Malayalam
644,"Song,644","644,Song,jazz,artist-11",Artist 51,Kannada
645,"Song,645","Song,classical,artist-169,645",Artist 38,Punjabi
646,"Song,646","646,Song,classical,artist-37",Artist 7,Telugu
647,"Song,647","country,Song,647,artist-93",Artist 12,Bengali
648,"Song,648","Song,folk,artist-76,648",Artist 63,Hindi
649,"Song,649","649,Song,jazz,artist-23",Artist 122,Marathi
650,"Song,650","Song,artist-5,650,edm",Artist 157,Kannada
651,"Song,651","Song,artist-23,edm,651",Artist 197,Hindi
652,"Song,652","Song,artist-119,652,edm",Artist 19,Punjabi
653,"Song,653","Song,653,edm,artist-166",Artist 117,Gujarati
654,"Song,654","Song,folk,artist-122,654",Artist 107,Malayalam
655,"Song,655","country,Song,655,artist-138",Artist 162,Bengali
656,"Song,656","Song,artist-45,656,rock",Artist 148,Punjabi
657,"Song,657","Song,folk,657,artist-179",Artist 50,English
658,"Song,658","Song,artist-105,658,r&b",Artist 184,Telugu
659,"Song,659","Song,hip-hop,659,artist-56",Artist 179,Kannada
660,"Song,660","Song,artist-65,660,r&b",Artist 99,Gujarati
661,"Song,661","661,Song,edm,artist-166",Artist 127,English
662,"Song,662","Song,662,jazz,artist-200",Artist 103,English
663,"Song,663","663,Song,artist-199,jazz",Artist 63,Telugu
664,"Song,664","Song,664,artist-65,pop",Artist 38,Punjabi
665,"Song,665","Song,folk,artist-27,665",Artist 168,Telugu
666,"Song,666","Song,jazz,666,artist-84",Artist 177,Tamil
667,"Song,667","country,Song,artist-24,667",Artist 2,Punjabi
668,"Song,668","Song,folk,668,artist-115",Artist 193,Punjabi
669,"Song,669","Song,hip-hop,669,artist-156",Artist 198,Marathi
670,"Song,670","670,Song,hip-hop,artist-23",Artist 28,Hindi
671,"Song,671","artist-114,Song,671,jazz",Artist 200,English
672,"Song,672","672,Song,artist-25,edm",Artist 109,Malayalam
673,"Song,673","Song,artist-80,673,pop",Artist 57,Kannada
674,"Song,674","674,Song,artist-109,r&b",Artist 46,Tamil
675,"Song,675","Song,675,artist-66,rock",Artist 179,Tamil
676,"Song,676","Song,artist-97,edm,676",Artist 133,Kannada
677,"Song,677","Song,artist-52,677,jazz",Artist 119,Bengali
678,"Song,678","Song,hip-hop,artist-14,678",Artist 13,Telugu
679,"Song,679","Song,hip-hop,artist-62,679",Artist 143,Bengali
680,"Song,680","Song,folk,artist-75,680",Artist 64,Bengali
681,"Song,681","Song,artist-9,681,rock",Artist 32,Marathi
682,"Song,682","Song,682,pop,artist-166",Artist 117,Hindi
683,"Song,683","Song,artist-126,classical,683",Artist 35,Kannada
684,"Song,684","Song,684,artist-34,pop",Artist 119,English
685,"Song,685","Song,folk,artist-45,685",Artist 171,Kannada
686,"Song,686","artist-148,Song,686,classical",Artist 136,English
687,"Song,687","Song,folk,artist-145,687",Artist 144,Malayalam
688,"Song,688","Song,artist-77,688,r&b",Artist 153,Hindi
689,"Song,689","country,Song,689,artist-18",Artist 82,Marathi
690,"Song,690","artist-43,Song,folk,690",Artist 194,Gujarati
691,"Song,691","country,Song,artist-139,691",Artist 114,Kannada
692,"Song,692","692,Song,folk,artist-108",Artist 157,Gujarati
693,"Song,693","Song,folk,artist-192,693",Artist 185,Kannada
694,"Song,694","Song,694,jazz,artist-31",Artist 130,Kannada
695,"Song,695","Song,hip-hop,artist-38,695",Artist 110,Punjabi
696,"Song,696","Song,folk,696,artist-192",Artist 141,Hindi
697,"Song,697","Song,folk,artist-105,697",Artist 115,Kannada
698,"Song,698","Song,artist-32,698,edm",Artist 41,English
699,"Song,699","Song,hip-hop,artist-87,699",Artist 191,Marathi
700,"Song,700","Song,700,artist-178,rock",Artist 122,Tamil
701,"Song,701","Song,artist-108,classical,701",Artist 116,Gujarati
702,"Song,702","Song,hip-hop,artist-131,702",Artist 67,Malayalam
703,"Song,703","Song,703,artist-163,jazz",Artist 193,Marathi
704,"Song,704","704,Song,artist-85,pop",Artist 64,Hindi
705,"Song,705","Song,artist-48,rock,705",Artist 164,Kannada
706,"Song,706","Song,706,artist-40,pop",Artist 71,Hindi
707,"Song,707","Song,artist-89,707,edm",Artist 197,Telugu
708,"Song,708","Song,708,artist-13,rock",Artist 200,Kannada
709,"Song,709","Song,classical,709,artist-141",Artist 134,Gujarati
710,"Song,710","710,Song,pop,artist-196",Artist 125,Kannada
711,"Song,711","Song,711,pop,artist-120",Artist 161,Bengali
712,"Song,712","Song,edm,artist-186,712",Artist 62,Hindi
713,"Song,713","Song,classical,artist-37,713",Artist 71,Kannada
714,"Song,714","artist-29,Song,714,pop",Artist 113,Punjabi
715,"Song,715","Song,715,artist-80,jazz",Artist 20,Marathi
716,"Song,716","Song,716,pop,artist-69",Artist 183,Telugu
717,"Song,717","Song,artist-13,717,edm",Artist 74,Marathi
718,"Song,718","Song,718,artist-149,r&b",Artist 61,Tamil
719,"Song,719","Song,hip-hop,artist-111,719",Artist 70,Hindi
720,"Song,720","Song,720,pop,artist-168",Artist 86,Bengali
721,"Song,721","Song,721,artist-66,edm",Artist 82,Hindi
722,"Song,722","Song,artist-4,722,r&b",Artist 139,Bengali
723,"Song,723","723,Song,artist-169,r&b",Artist 21,Bengali
724,"Song,724","Song,artist-33,rock,724",Artist 36,Telugu
725,"Song,725","725,Song,classical,artist-67",Artist 39,Marathi
726,"Song,726","Song,726,artist-195,pop",Artist 60,Marathi
727,"Song,727","Song,hip-hop,artist-73,727",Artist 99,Tamil
728,"Song,728","Song,728,jazz,artist-197",Artist 178,Telugu
729,"Song,729","artist-171,Song,729,rock",Artist 40,Hindi
730,"Song,730","Song,jazz,artist-92,730",Artist 181,Tamil
731,"Song,731","731,Song,classical,artist-146",Artist 55,Punjabi
732,"Song,732","Song,folk,artist-92,732",Artist 17,Telugu
733,"Song,733","artist-107,Song,edm,733",Artist 107,Tamil
734,"Song,734","Song,folk,734,artist-91",Artist 105,Gujarati
735,"Song,735","Song,artist-55,edm,735",Artist 85,Tamil
736,"Song,736","736,Song,artist-158,r&b",Artist 139,Hindi
737,"Song,737","737,Song,hip-hop,artist-142",Artist 120,Tamil
738,"Song,738","738,Song,artist-72,edm",Artist 107,Malayalam
739,"Song,739","739,Song,folk,artist-153",Artist 16,Malayalam
740,"Song,740","Song,740,artist-103,jazz",Artist 53,Gujarati
741,"Song,741","country,Song,artist-184,741",Artist 108,Gujarati
742,"Song,742","country,Song,742,artist-109",Artist 100,Malayalam
743,"Song,743","country,Song,artist-25,743",Artist 198,Gujarati
744,"Song,744","744,Song,classical,artist-76",Artist 150,Gujarati
745,"Song,745","Song,artist-17,edm,745",Artist 179,Marathi
746,"Song,746","Song,hip-hop,artist-49,746",Artist 6,Marathi
747,"Song,747","Song,classical,artist-73,747",Artist 196,Tamil
748,"Song,748","748,Song,folk,artist-9",Artist 148,Malayalam
749,"Song,749","Song,artist-47,classical,749",Artist 98,Hindi
750,"Song,750","artist-170,Song,750,pop",Artist 123,Malayalam
751,"Song,751","Song,751,edm,artist-37",Artist 2,Malayalam
752,"Song,752","Song,752,artist-81,edm",Artist 91,Punjabi
753,"Song,753","Song,artist-96,classical,753",Artist 77,Punjabi
754,"Song,754","Song,754,artist-22,pop",Artist 193,Gujarati
755,"Song,755","Song,folk,artist-41,755",Artist 100,English
756,"Song,756","country,Song,756,artist-31",Artist 108,Marathi
757,"Song,757","country,Song,757,artist-11",Artist 138,Bengali
758,"Song,758","Song,folk,artist-154,758",Artist 192,Hindi
759,"Song,759","Song,759,artist-192,r&b",Artist 189,Punjabi
760,"Song,760","Song,artist-33,rock,760",Artist 140,Malayalam
761,"Song,761","Song,artist-109,rock,761",Artist 155,Malayalam
762,"Song,762","Song,folk,762,artist-198",Artist 57,English
763,"Song,763","Song,763,edm,artist-93",Artist 125,English
764,"Song,764","Song,artist-31,764,r&b",Artist 57,Marathi
765,"Song,765","Song,classical,artist-44,765",Artist 70,Punjabi
766,"Song,766","artist-137,Song,766,jazz",Artist 112,Hindi
767,"Song,767","Song,767,edm,artist-141",Artist 125,Hindi
768,"Song,768","Song,artist-72,768,pop",Artist 8,Gujarati
769,"Song,769","artist-116,Song,769,pop",Artist 100,Gujarati
770,"Song,770","Song,folk,770,artist-131",Artist 87,Bengali
771,"Song,771","Song,771,jazz,artist-132",Artist 172,Kannada
772,"Song,772","Song,artist-181,edm,772",Artist 174,Malayalam
773,"Song,773","773,Song,pop,artist-170",Artist 104,Gujarati
774,"Song,774","country,Song,774,artist-98",Artist 186,Bengali
775,"Song,775","Song,artist-123,775,rock",Artist 43,English
776,"Song,776","Song,hip-hop,776,artist-106",Artist 120,Malayalam
777,"Song,777","artist-88,Song,777,r&b",Artist 33,Gujarati
778,"Song,778","Song,classical,artist-39,778",Artist 160,Telugu
779,"Song,779","Song,779,artist-41,jazz",Artist 137,Marathi
780,"Song,780","Song,780,artist-77,rock",Artist 7,Gujarati
781,"Song,781","Song,folk,artist-145,781",Artist 101,Malayalam
782,"Song,782","Song,jazz,782,artist-84",Artist 152,Bengali
783,"Song,783","783,Song,hip-hop,artist-24",Artist 145,Tamil
784,"Song,784","Song,artist-13,jazz,784",Artist 170,English
785,"Song,785","Song,hip-hop,artist-125,785",Artist 7,Malayalam
786,"Song,786","artist-155,Song,folk,786",Artist 22,Hindi
787,"Song,787","Song,artist-96,jazz,787",Artist 165,Marathi
788,"Song,788","Song,artist-2,rock,788",Artist 110,Hindi
789,"Song,789","789,Song,pop,artist-153",Artist 35,Bengali
790,"Song,790","790,Song,artist-111,rock",Artist 119,Tamil
791,"Song,791","Song,artist-45,791,rock",Artist 47,English
792,"Song,792","Song,classical,792,artist-18",Artist 13,Telugu
793,"Song,793","Song,hip-hop,artist-81,793",Artist 67,Malayalam
794,"Song,794","country,Song,artist-23,794",Artist 98,Malayalam
795,"Song,795","795,Song,hip-hop,artist-126",Artist 84,Bengali
796,"Song,796","Song,jazz,796,artist-68",Artist 55,Bengali
797,"Song,797","artist-137,Song,rock,797",Artist 117,Gujarati
798,"Song,798","Song,798,pop,artist-20",Artist 84,Tamil
799,"Song,799","Song,folk,799,artist-174",Artist 87,Marathi
800,"Song,800","800,Song,classical,artist-177",Artist 195,Marathi
801,"Song,801","Song,artist-68,801,edm",Artist 98,Punjabi
802,"Song,802","artist-88,Song,802,rock",Artist 72,Kannada
803,"Song,803","artist-71,Song,803,r&b",Artist 193,Kannada
804,"Song,804","Song,artist-145,804,edm",Artist 108,Marathi
805,"Song,805","Song,805,rock,artist-44",Artist 65,Gujarati
806,"Song,806","Song,806,artist-28,pop",Artist 21,English
807,"Song,807","country,Song,artist-128,807",Artist 121,Marathi
808,"Song,808","Song,808,artist-157,edm",Artist 5,Hindi
809,"Song,809","Song,jazz,artist-179,809",Artist 192,Marathi
810,"Song,810","Song,artist-87,pop,810",Artist 139,Hindi
811,"Song,811","Song,811,artist-51,r&b",Artist 14,Bengali
812,"Song,812","Song,812,classical,artist-163",Artist 90,Kannada
813,"Song,813","Song,classical,813,artist-152",Artist 58,Punjabi
814,"Song,814","Song,814,artist-160,edm",Artist 167,Punjabi
815,"Song,815","Song,815,artist-195,r&b",Artist 18,Gujarati
816,"Song,816","Song,816,artist-200,r&b",Artist 200,Tamil
817,"Song,817","Song,folk,817,artist-32",Artist 167,Marathi
818,"Song,818","artist-25,Song,folk,818",Artist 11,Hindi
819,"Song,819","artist-25,Song,819,edm",Artist 194,Gujarati
820,"Song,820","820,Song,artist-3,pop",Artist 8,Tamil
821,"Song,821","821,Song,artist-117,edm",Artist 64,Marathi
822,"Song,822","822,Song,hip-hop,artist-92",Artist 52,Punjabi
823,"Song,823","artist-43,Song,hip-hop,823",Artist 6,Kannada
824,"Song,824","artist-94,Song,824,pop",Artist 160,Tamil
825,"Song,825","Song,artist-15,825,r&b",Artist 40,Gujarati
826,"Song,826","Song,folk,artist-157,826",Artist 62,Hindi
827,"Song,827","country,Song,artist-72,827",Artist 33,Punjabi
828,"Song,828","Song,folk,828,artist-186",Artist 122,Bengali
829,"Song,829","Song,jazz,829,artist-37",Artist 172,Kannada
830,"Song,830","Song,folk,830,artist-78",Artist 30,Marathi
831,"Song,831","country,Song,artist-113,831",Artist 145,Tamil
832,"Song,832","Song,hip-hop,artist-60,832",Artist 56,Bengali
833,"Song,833","833,Song,classical,artist-138",Artist 120,Hindi
834,"Song,834","country,Song,artist-7,834",Artist 180,Kannada
835,"Song,835","Song,835,classical,artist-120",Artist 66,Bengali
836,"Song,836","Song,artist-62,jazz,836",Artist 197,Marathi
837,"Song,837","Song,artist-130,837,pop",Artist 95,English
838,"Song,838","Song,artist-15,838,rock",Artist 43,Marathi
839,"Song,839","Song,folk,artist-175,839",Artist 156,Punjabi
840,"Song,840","840,Song,jazz,artist-20",Artist 156,Tamil
841,"Song,841","country,Song,artist-144,841",Artist 192,Telugu
842,"Song,842","Song,artist-50,classical,842",Artist 184,Marathi
843,"Song,843","Song,classical,artist-19,843",Artist 30,Malayalam
844,"Song,844","Song,folk,844,artist-67",Artist 200,Telugu
845,"Song,845","Song,845,classical,artist-168",Artist 42,Telugu
846,"Song,846","Song,artist-26,846,r&b",Artist 80,Tamil
847,"Song,847","847,Song,artist-200,edm",Artist 28,Tamil
848,"Song,848","Song,folk,artist-55,848",Artist 149,Hindi
849,"Song,849","Song,artist-108,rock,849",Artist 7,Punjabi
850,"Song,850","Song,artist-194,jazz,850",Artist 80,Hindi
851,"Song,851","851,Song,artist-60,r&b",Artist 148,Bengali
852,"Song,852","Song,artist-99,852,edm",Artist 174,Bengali
853,"Song,853","Song,853,artist-166,r&b",Artist 97,Bengali
854,"Song,854","854,Song,artist-32,edm",Artist 102,English
855,"Song,855","Song,artist-103,pop,855",Artist 184,Marathi
856,"Song,856","856,Song,classical,artist-45",Artist 51,Gujarati
857,"Song,857","Song,hip-hop,857,artist-141",Artist 20,Tamil
858,"Song,858","country,Song,858,artist-176",Artist 152,Gujarati
859,"Song,859","859,Song,artist-89,rock",Artist 177,Kannada
860,"Song,860","Song,jazz,860,artist-162",Artist 161,Tamil
861,"Song,861","Song,artist-57,861,edm",Artist 63,Tamil
862,"Song,862","Song,862,artist-190,edm",Artist 27,Tamil
863,"Song,863","artist-173,Song,863,rock",Artist 179,Gujarati
864,"Song,864","country,Song,864,artist-49",Artist 198,Tamil
865,"Song,865","Song,865,artist-180,rock",Artist 78,Malayalam
866,"Song,866","866,Song,classical,artist-19",Artist 176,English
867,"Song,867","867,Song,artist-145,jazz",Artist 154,Kannada
868,"Song,868","868,Song,artist-50,edm",Artist 31,Marathi
869,"Song,869","Song,folk,869,artist-2",Artist 145,Telugu
870,"Song,870","Song,870,artist-18,r&b",Artist 11,Malayalam
871,"Song,871","country,Song,artist-90,871",Artist 89,Gujarati
872,"Song,872","Song,872,rock,artist-109",Artist 137,Punjabi
873,"Song,873","Song,hip-hop,873,artist-101",Artist 110,Malayalam
874,"Song,874","874,Song,artist-35,hip-hop",Artist 170,Telugu
875,"Song,875","Song,875,artist-200,edm",Artist 95,Bengali
876,"Song,876","Song,folk,876,artist-174",Artist 18,Telugu
877,"Song,877","artist-127,Song,jazz,877",Artist 130,Punjabi
878,"Song,878","Song,hip-hop,878,artist-23",Artist 166,Malayalam
879,"Song,879","879,Song,artist-152,hip-hop",Artist 88,Telugu
880,"Song,880","artist-150,Song,hip-hop,880",Artist 4,Marathi
881,"Song,881","Song,artist-13,pop,881",Artist 108,Gujarati
882,"Song,882","882,Song,artist-127,jazz",Artist 126,Malayalam
883,"Song,883","country,Song,artist-108,883",Artist 28,Malayalam
884,"Song,884","Song,artist-35,884,rock",Artist 111,Punjabi
885,"Song,885","Song,folk,artist-21,885",Artist 93,Kannada
886,"Song,886","Song,folk,886,artist-78",Artist 163,Bengali
887,"Song,887","Song,artist-67,887,edm",Artist 118,Bengali
888,"Song,888","Song,hip-hop,artist-110,888",Artist 182,Kannada
889,"Song,889","Song,889,artist-2,rock",Artist 40,Tamil
890,"Song,890","890,Song,edm,artist-135",Artist 112,Telugu
891,"Song,891","891,Song,artist-145,edm",Artist 46,Gujarati
892,"Song,892","country,Song,artist-54,892",Artist 188,Tamil
893,"Song,893","893,Song,artist-130,rock",Artist 134,Punjabi
894,"Song,894","894,Song,artist-34,pop",Artist 167,English
895,"Song,895","artist-83,Song,895,rock",Artist 70,Malayalam
896,"Song,896","Song,jazz,896,artist-68",Artist 158,Marathi
897,"Song,897","Song,folk,artist-77,897",Artist 138,Bengali
898,"Song,898","Song,artist-126,898,edm",Artist 199,Hindi
899,"Song,899","artist-83,Song,899,edm",Artist 124,Bengali
900,"Song,900","900,Song,pop,artist-72",Artist 120,Hindi
901,"Song,901","country,Song,artist-76,901",Artist 112,Punjabi
902,"Song,902","Song,hip-hop,artist-124,902",Artist 188,Hindi
903,"Song,903","Song,903,artist-1,pop",Artist 152,Tamil
904,"Song,904","Song,artist-34,jazz,904",Artist 69,Punjabi
905,"Song,905","Song,artist-42,905,pop",Artist 83,Malayalam
906,"Song,906","Song,folk,artist-143,906",Artist 63,Bengali
907,"Song,907","Song,folk,artist-41,907",Artist 23,Tamil
908,"Song,908","908,Song,artist-182,edm",Artist 72,Kannada
909,"Song,909","909,Song,folk,artist-138",Artist 116,Hindi
910,"Song,910","Song,artist-180,910,pop",Artist 63,Telugu
911,"Song,911","Song,folk,artist-131,911",Artist 193,Malayalam
912,"Song,912","Song,artist-15,rock,912",Artist 119,Marathi
913,"Song,913","artist-94,Song,hip-hop,913",Artist 146,English
914,"Song,914","Song,artist-181,914,edm",Artist 157,Kannada
915,"Song,915","Song,915,rock,artist-31",Artist 172,English
916,"Song,916","916,Song,artist-8,edm",Artist 98,Kannada
917,"Song,917","917,Song,artist-155,r&b",Artist 87,Bengali
918,"Song,918","Song,918,artist-48,rock",Artist 8,Marathi
919,"Song,919","919,Song,edm,artist-69",Artist 127,Telugu
920,"Song,920","country,Song,920,artist-14",Artist 84,Kannada
921,"Song,921","Song,artist-181,rock,921",Artist 47,Hindi
922,"Song,922","Song,artist-47,classical,922",Artist 125,Marathi
923,"Song,923","Song,923,pop,artist-123",Artist 55,Telugu
924,"Song,924","artist-142,Song,924,r&b",Artist 91,English
925,"Song,925","Song,925,artist-4,jazz",Artist 67,Marathi
926,"Song,926","Song,hip-hop,926,artist-190",Artist 88,Hindi
927,"Song,927","Song,927,pop,artist-109",Artist 72,Marathi
928,"Song,928","artist-12,Song,928,r&b",Artist 153,Tamil
929,"Song,929","Song,929,artist-82,r&b",Artist 180,Tamil
930,"Song,930","artist-94,Song,930,classical",Artist 71,English
931,"Song,931","country,Song,artist-8,931",Artist 143,Punjabi
932,"Song,932","932,Song,artist-86,r&b",Artist 3,Malayalam
933,"Song,933","Song,folk,artist-176,933",Artist 133,Tamil
934,"Song,934","Song,classical,artist-124,934",Artist 49,Malayalam
935,"Song,935","Song,classical,935,artist-37",Artist 22,Malayalam
936,"Song,936","936,Song,jazz,artist-180",Artist 62,Gujarati
937,"Song,937","Song,hip-hop,937,artist-126",Artist 185,English
938,"Song,938","Song,artist-48,938,r&b",Artist 105,Hindi
939,"Song,939","artist-173,Song,939,jazz",Artist 126,English
940,"Song,940","Song,artist-130,940,hip-hop",Artist 143,Punjabi
941,"Song,941","Song,hip-hop,941,artist-93",Artist 195,Telugu
942,"Song,942","artist-144,Song,folk,942",Artist 62,Tamil
943,"Song,943","Song,jazz,artist-101,943",Artist 177,Bengali
944,"Song,944","Song,hip-hop,artist-34,944",Artist 122,Gujarati
945,"Song,945","Song,folk,artist-152,945",Artist 166,Bengali
946,"Song,946","946,Song,artist-52,rock",Artist 183,Kannada
947,"Song,947","artist-74,Song,947,edm",Artist 126,Hindi
948,"Song,948","Song,classical,948,artist-21",Artist 115,Punjabi
949,"Song,949","949,Song,hip-hop,artist-91",Artist 5,Telugu
950,"Song,950","Song,artist-89,950,pop",Artist 24,Punjabi
951,"Song,951","artist-53,Song,951,rock",Artist 76,Hindi
952,"Song,952","country,Song,artist-6,952",Artist 57,English
953,"Song,953","country,Song,artist-14,953",Artist 104,Telugu
954,"Song,954","954,Song,artist-140,edm",Artist 178,Kannada
955,"Song,955","Song,955,artist-136,rock",Artist 63,Gujarati
956,"Song,956","956,Song,folk,artist-17",Artist 79,Malayalam
957,"Song,957","Song,hip-hop,artist-57,957",Artist 170,Hindi
958,"Song,958","artist-74,Song,hip-hop,958",Artist 149,Hindi
959,"Song,959","artist-150,Song,959,edm",Artist 95,Malayalam
960,"Song,960","country,Song,960,artist-44",Artist 122,Gujarati
961,"Song,961","Song,hip-hop,artist-183,961",Artist 142,Bengali
962,"Song,962","country,Song,962,artist-170",Artist 136,English
963,"Song,963","Song,963,jazz,artist-84",Artist 89,Bengali
964,"Song,964","964,Song,classical,artist-200",Artist 109,Gujarati
965,"Song,965","Song,965,classical,artist-53",Artist 191,Telugu
966,"Song,966","Song,artist-125,edm,966",Artist 141,Tamil
967,"Song,967","Song,artist-84,967,rock",Artist 85,Punjabi
968,"Song,968","Song,folk,968,artist-198",Artist 91,Kannada
969,"Song,969","country,Song,artist-42,969",Artist 180,English
970,"Song,970","970,Song,jazz,artist-68",Artist 117,Gujarati
971,"Song,971","971,Song,folk,artist-85",Artist 70,Marathi
972,"Song,972","Song,artist-9,folk,972",Artist 79,Telugu
973,"Song,973","Song,973,edm,artist-174",Artist 65,Gujarati
974,"Song,974","974,Song,artist-30,jazz",Artist 60,Kannada
975,"Song,975","Song,975,pop,artist-192",Artist 31,Tamil
976,"Song,976","976,Song,folk,artist-65",Artist 185,Hindi
977,"Song,977","977,Song,artist-132,pop",Artist 50,Bengali
978,"Song,978","country,Song,artist-38,978",Artist 81,Marathi
979,"Song,979","artist-12,Song,edm,979",Artist 31,Hindi
980,"Song,980","country,Song,artist-198,980",Artist 191,Bengali
981,"Song,981","country,Song,981,artist-37",Artist 138,Bengali
982,"Song,982","artist-170,Song,982,rock",Artist 196,Bengali
983,"Song,983","artist-140,Song,983,edm",Artist 177,Bengali
984,"Song,984","Song,artist-145,jazz,984",Artist 48,Bengali
985,"Song,985","Song,hip-hop,artist-29,985",Artist 50,English
986,"Song,986","Song,986,jazz,artist-93",Artist 56,Kannada
987,"Song,987","country,Song,987,artist-124",Artist 190,Malayalam
988,"Song,988","988,Song,artist-136,r&b",Artist 124,English
989,"Song,989","Song,artist-128,989,pop",Artist 71,Kannada
990,"Song,990","990,Song,artist-154,r&b",Artist 186,Marathi
991,"Song,991","Song,991,artist-178,pop",Artist 151,Punjabi
992,"Song,992","country,Song,artist-94,992",Artist 195,English
993,"Song,993","Song,artist-125,993,r&b",Artist 135,Marathi
994,"Song,994","Song,994,artist-2,pop",Artist 153,Hindi
995,"Song,995","country,Song,995,artist-158",Artist 73,Marathi
996,"Song,996","Song,996,artist-21,pop",Artist 26,Telugu
997,"Song,997","artist-5,Song,997,jazz",Artist 50,Hindi
998,"Song,998","artist-191,Song,998,r&b",Artist 76,Gujarati
999,"Song,999","Song,999,artist-156,r&b",Artist 59,Marathi
1000,"Song,1000","1000,Song,jazz,artist-90",Artist 93,Tamil
